{
  "name": "hero-section",
  "settings": {
    "hero_title": {
      "type": "text",
      "label": {
        "ar": "العنوان الرئيسي",
        "en": "Main Title"
      }
    },
    "hero_subtitle": {
      "type": "textarea",
      "label": {
        "ar": "النص التوضيحي",
        "en": "Subtitle Text"
      }
    },
    "hero_button_text": {
      "type": "text",
      "label": {
        "ar": "نص الزر",
        "en": "Button Text"
      }
    },
    "hero_button_url": {
      "type": "path",
      "label": {
        "ar": "رابط الزر",
        "en": "Button URL"
      }
    },
    "hero_image": {
      "type": "media",
      "label": {
        "ar": "صورة الخلفية",
        "en": "Background Image"
      }
    },
    "hero_layout": {
      "type": "select",
      "label": {
        "ar": "تخطيط السكشن",
        "en": "Section Layout"
      },
      "options": [
        { "value": "image-right", "label": { "ar": "صورة يمين", "en": "Image Right" } },
        { "value": "image-left", "label": { "ar": "صورة يسار", "en": "Image Left" } },
        { "value": "full-background", "label": { "ar": "صورة خلفية كاملة", "en": "Full Background" } },
        { "value": "text-only", "label": { "ar": "نص فقط", "en": "Text Only" } }
      ]
    }
  }
}
