{
  "name": "بانر ترويجي",
  "settings": {
    "title": {
      "type": "string",
      "label": "العنوان",
      "default": "عرض خاص لفترة محدودة"
    },
    "subtitle": {
      "type": "text",
      "label": "العنوان الفرعي",
      "default": ""
    },
    "badge_text": {
      "type": "string",
      "label": "نص الشارة (مثل: خصم 50%)",
      "default": ""
    },
    "image": {
      "type": "media",
      "label": "صورة الخلفية"
    },
    "overlay_opacity": {
      "type": "range",
      "label": "شفافية طبقة اللون",
      "default": 70,
      "min": 0,
      "max": 100,
      "step": 5
    },
    "show_countdown": {
      "type": "boolean",
      "label": "إظهار العد التنازلي",
      "default": false
    },
    "countdown_date": {
      "type": "date-time",
      "label": "تاريخ انتهاء العرض (مثال: 2026-12-31)",
      "default": ""
    },
    "pp": {
      "type": "spacing",
      "label": "Padding",
      "default": ""
    },
    "button_text": {
      "type": "string",
      "label": "نص الزر",
      "default": "تسوقي الآن"
    },
    "button_link": {
      "type": "string",
      "label": "رابط الزر",
      "default": "/products"
    },
    "button_style": {
      "type": "select",
      "label": "شكل الزر",
      "default": "filled",
      "options": [
        {
          "value": "filled",
          "label": "ممتلئ"
        },
        {
          "value": "outline",
          "label": "محدد فقط"
        }
      ]
    },
    "text_alignment": {
      "type": "select",
      "label": "محاذاة النص",
      "default": "center",
      "options": [
        {
          "value": "center",
          "label": "وسط"
        },
        {
          "value": "start",
          "label": "بداية"
        },
        {
          "value": "end",
          "label": "نهاية"
        }
      ]
    },
    "full_width": {
      "type": "boolean",
      "label": "عرض كامل (بدون حاوية)",
      "default": false
    },
    "background_color": {
      "type": "color",
      "label": "لون الخلفية",
      "default": "#9C27B0"
    },
    "text_color": {
      "type": "select",
      "label": "لون النص",
      "default": "white",
      "options": [
        {
          "value": "white",
          "label": "أبيض"
        },
        {
          "value": "dark",
          "label": "داكن"
        }
      ]
    },
    "height": {
      "type": "select",
      "label": "ارتفاع البانر",
      "default": "medium",
      "options": [
        {
          "value": "small",
          "label": "صغير"
        },
        {
          "value": "medium",
          "label": "متوسط"
        },
        {
          "value": "large",
          "label": "كبير"
        }
      ]
    }
  },
  "presets": [
    {
      "category": "الصفحة الرئيسية",
      "name": "بانر ترويجي"
    }
  ]
}