{
  "layout": "layout",
  "widgets": [
    {
      "name": "السيكشن الرئيسي",
      "widget": "hero-section"
    },
    {
      "name": "المنتجات المميزة",
      "widget": "product-grid"
    },
    {
      "name": "منتجات تصنيف",
      "widget": "collections-section"
    },
    {
      "name": "بانر ترويجي",
      "widget": "cta-banner",
      "settings": {
        "title": "عرض خاص لفترة محدودة",
        "subtitle": "خصم 50% على جميع منتجات ",
        "show_countdown": false,
        "countdown_date": "",
        "button_text": " الاقسام من هنا",
        "button_link": "/collections",
        "background_color": "linear-gradient(135deg, #2C2C2C 0%, #1a1a1a 100%)",
        "text_color": "white",
        "height": "large"
      }
    },
    {
      "name": "آراء العملاء",
      "widget": "testimonials-reviews",
      "blocks": [
        {
          "block": "review",
          "name": "review1",
          "settings": {
            "reviewer_name": "سارة أحمد",
            "reviewer_role": "عميلة دائمة",
            "review_text": "تجربة شراء ممتازة! المنتجات بجودة عالية والتوصيل كان سريع جداً. أنصح الكل يجرب.",
            "rating": 5,
            "avatar": ""
          }
        },
        {
          "block": "review",
          "name": "review2",
          "settings": {
            "reviewer_name": "محمد علي",
            "reviewer_role": "عميل جديد",
            "review_text": "أول مرة أشتري من المتجر وكانت تجربة رائعة. الخامات ممتازة والمقاسات مظبوطة.",
            "rating": 4,
            "avatar": ""
          }
        },
        {
          "block": "review",
          "name": "review3",
          "settings": {
            "reviewer_name": "نورة خالد",
            "reviewer_role": "مصممة أزياء",
            "review_text": "التصاميم بسيطة وأنيقة. بحب الستايل الهادي بتاع المتجر ده. هرجع أشتري تاني أكيد!",
            "rating": 5,
            "avatar": ""
          }
        },
        {
          "block": "review",
          "name": "review4",
          "settings": {
            "reviewer_name": "أحمد حسن",
            "reviewer_role": "عميل",
            "review_text": "خدمة العملاء ممتازة وبيردوا بسرعة. المنتجات زي ما في الصور بالظبط.",
            "rating": 5,
            "avatar": ""
          }
        }
      ]
    },
    {
      "name": "النشرة البريدية",
      "widget": "newsletter"
    }
  ]
}