{
  "assets/main.js": {
    "hash": "6096e07161d4acb44ab60383f4a1cb8cb3a70a16871607e9e3ea67e52db20df9",
    "lastSynced": "2026-02-14T14:18:36.648Z",
    "size": 52594
  },
  "assets/style.css": {
    "hash": "a3835d4db490bd8067ebda3d8852c93186f777a5fb590eb1060ed6c568c9a2e6",
    "lastSynced": "2026-02-15T05:45:47.414Z",
    "size": 20905
  },
  "layouts/layout.njk": {
    "hash": "1bfa69ff5ae0eeb0d59ac5a9c8e0d73b8f8b617a1a03b7285a3f22324702bcd9",
    "lastSynced": "2026-02-15T05:50:04.228Z",
    "size": 5396
  },
  "locales/ar.json": {
    "hash": "feee81d4e3e030d16b24fc98e714742e4db6256e9836bb5dcb7334377b440bc5",
    "lastSynced": "2026-02-14T13:22:28.177Z",
    "size": 6856
  },
  "locales/en.json": {
    "hash": "d2467980e69742ee63cb78a8dd6b52985a8708a2bf62c0055994336b085ec3a8",
    "lastSynced": "2026-02-14T13:22:55.933Z",
    "size": 5641
  },
  "locales/fr.json": {
    "hash": "7d000938d6379fcd62a1088af4c04d519573e170a6ebaeff20de075b88ce2f47",
    "lastSynced": "2026-02-10T06:22:07.139Z",
    "size": 2138
  },
  "pages/article.json": {
    "hash": "b4159fadfdf1cdac697ccf08ce3361988be1334e47297ba4c278bdb969df4b64",
    "lastSynced": "2026-02-09T05:08:57.091Z",
    "size": 41
  },
  "pages/blog.json": {
    "hash": "b4159fadfdf1cdac697ccf08ce3361988be1334e47297ba4c278bdb969df4b64",
    "lastSynced": "2026-02-09T05:08:57.260Z",
    "size": 41
  },
  "pages/blogs.json": {
    "hash": "b4159fadfdf1cdac697ccf08ce3361988be1334e47297ba4c278bdb969df4b64",
    "lastSynced": "2026-02-09T05:08:57.419Z",
    "size": 41
  },
  "pages/cart.json": {
    "hash": "d5643f6f28067ad7ed27b36c081885cd7319f2e1be72f7886cdf845dca9fa4f7",
    "lastSynced": "2026-02-11T12:18:20.361Z",
    "size": 351
  },
  "pages/collection.json": {
    "hash": "16f15bf8ecdb56ef845e7cf80b1e3401b6e1f9f46cbe7d07db186aa5e8122b8c",
    "lastSynced": "2026-02-12T13:38:06.480Z",
    "size": 126
  },
  "pages/collections.json": {
    "hash": "7ffbe4545b023ac2fbd9edd45d6346f5c284a474327e061c2193645ea1aa1725",
    "lastSynced": "2026-02-12T12:19:08.384Z",
    "size": 125
  },
  "pages/index.json": {
    "hash": "791749125fadc6c78bc648a4f38ab4e611eaad6a847b30e4869d1ea691f11b9d",
    "lastSynced": "2026-02-15T10:43:13.380Z",
    "size": 2775
  },
  "pages/latest.json": {
    "hash": "b4159fadfdf1cdac697ccf08ce3361988be1334e47297ba4c278bdb969df4b64",
    "lastSynced": "2026-02-09T05:08:58.350Z",
    "size": 41
  },
  "pages/page.json": {
    "hash": "b4159fadfdf1cdac697ccf08ce3361988be1334e47297ba4c278bdb969df4b64",
    "lastSynced": "2026-02-09T05:08:58.529Z",
    "size": 41
  },
  "pages/product.json": {
    "hash": "9ccb62899837939245ac286faa11347aed711eddaaae250e00f2bf7158b89c65",
    "lastSynced": "2026-02-09T17:53:51.933Z",
    "size": 122
  },
  "pages/products-collection.json": {
    "hash": "2be7aa8c8cbeedff755b430bcbf779c5661318a1b4285f0a5151e82bdaa95c53",
    "lastSynced": "2026-02-12T09:07:50.816Z",
    "size": 109
  },
  "pages/search.json": {
    "hash": "b4159fadfdf1cdac697ccf08ce3361988be1334e47297ba4c278bdb969df4b64",
    "lastSynced": "2026-02-09T05:08:59.059Z",
    "size": 41
  },
  "settings/settings-data.json": {
    "hash": "f0d46a9b03e5120372cd84feb88492c253cdadcb70df036a0243165725606022",
    "lastSynced": "2026-02-09T05:08:59.230Z",
    "size": 28
  },
  "settings/settings-schema.json": {
    "hash": "51c9a185d20e764986d3f4c89a782601a5722d6f67176d4191c49024a8e197a2",
    "lastSynced": "2026-02-15T10:09:19.383Z",
    "size": 2383
  },
  "settings/templates-settings.json": {
    "hash": "a8ba351e0eda0bc29f6fd288896a537abb475ee7bb58620e54b3ab1dbf8b3cf6",
    "lastSynced": "2026-02-09T05:08:59.519Z",
    "size": 85
  },
  "widgets/best-article/schema.json": {
    "hash": "ad30597d9548809f4a0422dc1d8f27d83ec634ccb639b4c480eed07fafdf8be4",
    "lastSynced": "2026-02-09T05:08:59.667Z",
    "size": 186
  },
  "widgets/best-article/widget.njk": {
    "hash": "62bf7361e53d62da37c9d1790065a8677d0910ee0bd2bcff431c45b49cfbc35f",
    "lastSynced": "2026-02-09T05:09:00.015Z",
    "size": 2652
  },
  "widgets/best-articles/schema.json": {
    "hash": "6010a799d9041cbd0e0af7426763b658a8aeef9abefdfd96848e75178625fa60",
    "lastSynced": "2026-02-09T05:09:00.258Z",
    "size": 189
  },
  "widgets/best-articles/widget.njk": {
    "hash": "4d65da053a993a5db10a0eecd318fcc62790d4d88e01bea69c0bae1e713eab8b",
    "lastSynced": "2026-02-09T05:09:00.510Z",
    "size": 3442
  },
  "widgets/best-collections/schema.json": {
    "hash": "3269046df443d1be37261c1659610b1072370bcf214f795a26c1f2aaea198a75",
    "lastSynced": "2026-02-09T05:09:00.639Z",
    "size": 193
  },
  "widgets/best-collections/widget.njk": {
    "hash": "f8df71d0d226f9f06489ef4eefba6f751184eeb9e760c25c326d637c08901901",
    "lastSynced": "2026-02-09T05:09:01.074Z",
    "size": 2723
  },
  "widgets/best-product/schema.json": {
    "hash": "bf83270b996fb915c755cbe6ab74cb20371e464658c9356897ecd3352894d1fb",
    "lastSynced": "2026-02-09T05:09:01.209Z",
    "size": 172
  },
  "widgets/best-product/widget.njk": {
    "hash": "dad684d262750afbd65570a93665e1cd5af423616cb243bd89d5ba8abd0bdcbd",
    "lastSynced": "2026-02-09T05:09:01.446Z",
    "size": 3731
  },
  "widgets/best-products/schema.json": {
    "hash": "7573197794baadbdf51ebe809b917e1fe50d9cbff74dc94cea3db778447151ec",
    "lastSynced": "2026-02-09T09:18:46.209Z",
    "size": 615
  },
  "widgets/best-products/widget.njk": {
    "hash": "58a92e2d68d8f113201ecb228e9ed44f68e897fad5efc82bfd6f59e8be42d895",
    "lastSynced": "2026-02-09T09:20:45.389Z",
    "size": 1935
  },
  "widgets/blog/schema.json": {
    "hash": "b8f16c5a36455189129f16cc506f0ae76e1ac5bf081b96065d89deeeb5ead830",
    "lastSynced": "2026-02-09T05:09:02.049Z",
    "size": 167
  },
  "widgets/blog/widget.njk": {
    "hash": "abda17109a05d392ffcc447d123ac25d62b2417a32f31ee4c0c8448032616c5c",
    "lastSynced": "2026-02-09T05:09:02.282Z",
    "size": 1545
  },
  "widgets/blog-articles/schema.json": {
    "hash": "04518ddec41cc02047dff202a7f4d3fd958e54466038d0cc317a485626c695dc",
    "lastSynced": "2026-02-09T05:09:02.440Z",
    "size": 185
  },
  "widgets/blog-articles/widget.njk": {
    "hash": "63983185179543d8e1f48248ba710c3ae09566b7ebcaa38074be0fcbeb6d55e6",
    "lastSynced": "2026-02-09T05:09:02.688Z",
    "size": 3091
  },
  "widgets/features/schema.json": {
    "hash": "a981a4621e41cba539f42071a15ca88cded026d92af33dbf42bc5f67357e352a",
    "lastSynced": "2026-02-09T05:09:02.848Z",
    "size": 42
  },
  "widgets/features/widget.njk": {
    "hash": "2dd24efa8de4a8a0567f4bffde538b8df74e7218612159d1a09f785d9d2af0a1",
    "lastSynced": "2026-02-09T05:09:03.123Z",
    "size": 520
  },
  "widgets/footer/schema.json": {
    "hash": "13f881cf56e6d2e2aab2a5049555ea2121b7b8ed5dcba179f8d5a4131491cf56",
    "lastSynced": "2026-02-09T17:21:06.167Z",
    "size": 1589
  },
  "widgets/footer/widget.njk": {
    "hash": "f8a3751d3a93b755759d308f7d3ee0eabf62df88786b433fff0fe271f0f06b07",
    "lastSynced": "2026-02-12T08:44:09.161Z",
    "size": 8948
  },
  "widgets/header/schema.json": {
    "hash": "5d581eb2a5de6911b15396bc6b6d6a824df0267c9e6bee090b3374f909e9b6a6",
    "lastSynced": "2026-02-11T12:39:08.601Z",
    "size": 796
  },
  "widgets/header/widget.njk": {
    "hash": "1039764709316a5143733d74f7639c50607a17e1c43349eaf6c3cfc1321d584f",
    "lastSynced": "2026-02-12T08:42:07.943Z",
    "size": 4523
  },
  "ui/button.njk": {
    "hash": "dcea060959c36de5591258bf4f8fe22cdfea95adb368d6ba67192230c5763919",
    "lastSynced": "2026-02-09T05:09:04.704Z",
    "size": 29
  },
  "ui/cart.njk": {
    "hash": "9f556ef548121638a23d45656c76f864f4cb78e5ee320eca6895a435af427d3c",
    "lastSynced": "2026-02-15T06:01:30.516Z",
    "size": 12099
  },
  "ui/empty.njk": {
    "hash": "d017ad068725b799f03d0aac465b968376d39f440c62b877125571e596e1899b",
    "lastSynced": "2026-02-15T05:51:38.018Z",
    "size": 1480
  },
  "ui/loading-screen.njk": {
    "hash": "c7c95f73207875074b88fa9089738e372ae793159057d16b738e58982d3850a3",
    "lastSynced": "2026-02-09T05:09:05.506Z",
    "size": 3026
  },
  "ui/loading.njk": {
    "hash": "7b22e2ae889928dcc14e50fa95ec1906f3df236897f7496328f9dec65be57206",
    "lastSynced": "2026-02-09T06:21:19.672Z",
    "size": 767
  },
  "ui/pagination.njk": {
    "hash": "07bc7e7f95197e39a5c17995567dc6dd091499add41649d5d0f2ad878e43a02f",
    "lastSynced": "2026-02-09T05:09:06.037Z",
    "size": 1865
  },
  "ui/product-card.njk": {
    "hash": "10ac7059205df264db4cedc0bdd6fe079bb3a7a748f3c4642678af4c27a96242",
    "lastSynced": "2026-02-15T05:55:38.046Z",
    "size": 8755
  },
  "ui/search.njk": {
    "hash": "044f97a05ae72b7ba33b89cdf0d92b3f1af258bb1f78c99d6ccbf63bf9fb668c",
    "lastSynced": "2026-02-15T06:00:39.972Z",
    "size": 3077
  },
  "ui/sidebar.njk": {
    "hash": "0ccd9d3f0f7d9338c71699fa31ea88f7cfabe565971cd92289bd248adcf376f2",
    "lastSynced": "2026-02-15T06:00:40.848Z",
    "size": 1965
  },
  "templates/footer.json": {
    "hash": "ca00726909f48cc101b103a1a476aa32db259de3a0c755657eb47a833db6a375",
    "lastSynced": "2026-02-15T10:44:51.658Z",
    "size": 230
  },
  "templates/header.json": {
    "hash": "2ae0e79604bc896d23dfb8a40c0dfb2d2dc7d2fb722fe913126b66d473bf249f",
    "lastSynced": "2026-02-15T10:22:11.126Z",
    "size": 681
  },
  "widgets/hero-section/schema.json": {
    "hash": "104531c7cd8a9e3e78727d33c0b9daec94426dc9566907f70b0a93682858d9db",
    "lastSynced": "2026-02-12T12:39:33.833Z",
    "size": 1353
  },
  "widgets/hero-section/widget.njk": {
    "hash": "a9dc927d917213c4eb22918b9470e6ef9150607bc52388aa66592be765758d4b",
    "lastSynced": "2026-02-15T05:47:14.541Z",
    "size": 13456
  },
  "widgets/product-grid/schema.json": {
    "hash": "8666bf2829a6b10890e1bbcde2ddcec545520c0f2d62a90fe24a03aef7ed4203",
    "lastSynced": "2026-02-15T10:55:57.757Z",
    "size": 615
  },
  "widgets/product-grid/widget.njk": {
    "hash": "06826771572ae30598b4c6626f130ac2068a8266cb541ba8fa605593aae757fe",
    "lastSynced": "2026-02-15T11:13:24.394Z",
    "size": 2530
  },
  "widgets/product-detail/schema.json": {
    "hash": "390a381e3b44006bb631410bec24139b51ba318bf003dd7ab79500d14b4bf4de",
    "lastSynced": "2026-02-11T13:13:29.727Z",
    "size": 1373
  },
  "widgets/product-detail/widget.njk": {
    "hash": "224738320fb43c9ba4552e60b5510610b8839d01997c5eb24f026b189d9c1dfd",
    "lastSynced": "2026-02-15T05:57:41.289Z",
    "size": 24532
  },
  "widgets/category-detail/schema.json": {
    "hash": "e9e7ad149452bda91582d70e8fe443c65d34ab442dd4f142d241434b67683f5d",
    "lastSynced": "2026-02-10T08:16:11.722Z",
    "size": 49
  },
  "widgets/category-detail/widget.njk": {
    "hash": "9163114098638d62341c51a8cd8699eefe59646df8bb7f092da7c7b63102acd2",
    "lastSynced": "2026-02-15T05:48:52.419Z",
    "size": 14689
  },
  "widgets/testimonials-reviews/schema.json": {
    "hash": "8c02220d4da1a8913ddf5fb06418a8ef64367ff77fadd6f5792b50319dbd9036",
    "lastSynced": "2026-02-10T10:07:03.625Z",
    "size": 1472
  },
  "widgets/testimonials-reviews/widget.njk": {
    "hash": "64b3bcb9be86bf40094edc4ffef7385aaef5cbd85869783d961e762fdf8ec2ba",
    "lastSynced": "2026-02-15T11:13:56.246Z",
    "size": 9164
  },
  "widgets/cart-page/schema.json": {
    "hash": "8687c861e7dfddd9cfb7889531874b3de79234458b8363e8eedd9449a6f022d3",
    "lastSynced": "2026-02-11T12:17:00.598Z",
    "size": 543
  },
  "widgets/cart-page/widget.njk": {
    "hash": "753d1b8e8e21994058d9f969eb33820faa0a7974d6fc5bddf19bd56eed8e05af",
    "lastSynced": "2026-02-15T06:04:15.155Z",
    "size": 23275
  },
  "widgets/products/schema.json": {
    "hash": "5939384f4ea0f8860c8e0edc79f96c75b931789fbe0543dff186e083799b7bd7",
    "lastSynced": "2026-02-12T09:07:50.791Z",
    "size": 42
  },
  "widgets/products/widget.njk": {
    "hash": "0fe89018661294efa4207d238d56dfb59d376fe54ce51c69ae94aeffbd55e5e0",
    "lastSynced": "2026-02-12T09:07:50.872Z",
    "size": 235
  },
  "widgets/collections-section/schema.json": {
    "hash": "2b51f16406622ee617cbffd8472b2b1eb11c1620aade369fb9c06bd2848fcd71",
    "lastSynced": "2026-02-12T12:04:18.212Z",
    "size": 485
  },
  "widgets/collections-section/widget.njk": {
    "hash": "be7199b458ce4e8fc03af47d9a431ed913b39ff153cad99f6e695bbe9e9e3216",
    "lastSynced": "2026-02-15T11:13:41.356Z",
    "size": 4792
  },
  "widgets/collections-page/schema.json": {
    "hash": "d68f656130b9c2108b791e609e3d5ca1c30eac017dbbc11763d96570dfce6208",
    "lastSynced": "2026-02-12T12:19:08.319Z",
    "size": 50
  },
  "widgets/collections-page/widget.njk": {
    "hash": "dc8ac0396d961e18b48e0b31dba611b56e260a95c4bea3a768dd4566c3d2a748",
    "lastSynced": "2026-02-15T05:58:19.985Z",
    "size": 8505
  },
  "widgets/collection-page/schema.json": {
    "hash": "675d651f52aaa75597f2d3ddf6812cfd86bd365ac3cf87cb77b7e2879b0fe4fa",
    "lastSynced": "2026-02-12T13:33:34.705Z",
    "size": 3130
  },
  "widgets/collection-page/widget.njk": {
    "hash": "8e3babdcf12621fc35aed088b0c5d36c8834f130166ff892fbb38a51b759091b",
    "lastSynced": "2026-02-14T13:26:09.389Z",
    "size": 12351
  },
  "ui/filter-sidebar.njk": {
    "hash": "cedce9552b7dd970d6ab83983fd4d0d17e914ba510bb406896ec1d9fd62ba1d4",
    "lastSynced": "2026-02-15T05:56:33.299Z",
    "size": 7773
  },
  "ui/filter-mobile.njk": {
    "hash": "de5ce509bbc310815d84bd3a4a711367336f333e6e2377e0397a35a45a93aa01",
    "lastSynced": "2026-02-15T05:47:03.834Z",
    "size": 9412
  },
  "widgets/cta-banner/schema.json": {
    "hash": "3fb2d8c021902c911138b64c2714050ebcf8149d87f661454af6ba92da67218a",
    "lastSynced": "2026-02-15T09:37:00.672Z",
    "size": 3064
  },
  "widgets/cta-banner/widget.njk": {
    "hash": "50505e8b150bafaeb8fe992351c467d825584e186014a554aba0b3777a815907",
    "lastSynced": "2026-02-15T10:00:43.557Z",
    "size": 8865
  },
  "widgets/announcement-bar/schema.json": {
    "hash": "9bbf4cb966d7969251d9e8032d0a51433eb6e3ff3e15123258546618bae01e3b",
    "lastSynced": "2026-02-15T10:15:35.054Z",
    "size": 1541
  },
  "widgets/announcement-bar/widget.njk": {
    "hash": "8b79537a27c35e3c377d5fce3b0ac18d402e55ffb5ad1797fae319bc4c13d639",
    "lastSynced": "2026-02-15T10:16:59.326Z",
    "size": 7112
  },
  "widgets/newsletter/schema.json": {
    "hash": "db990b30025f70a7daeb3111be0f19a8b795e313eb8261307b4c3f478b0c3150",
    "lastSynced": "2026-02-15T10:36:28.648Z",
    "size": 1840
  },
  "widgets/newsletter/widget.njk": {
    "hash": "5e120fb304380a67fe2b46dbf227489ee8c114d87d8b32166db2461609088d31",
    "lastSynced": "2026-02-15T10:52:21.305Z",
    "size": 6340
  }
}