{
  "name": "footer",
  "settings": {
    "footer_logo": {
      "type": "media",
      "label": {
        "ar": "شعار الفوتر",
        "en": "Footer Logo"
      }
    },
    "footer_description": {
      "type": "textarea",
      "label": {
        "ar": "وصف المتجر",
        "en": "Store Description"
      }
    },
    "footer_menu_1_title": {
      "type": "text",
      "label": {
        "ar": "عنوان القائمة الأولى",
        "en": "Menu 1 Title"
      }
    },
    "footer_menu_1": {
      "type": "menu",
      "label": {
        "ar": "القائمة الأولى",
        "en": "Menu 1"
      }
    },
    "footer_menu_2_title": {
      "type": "text",
      "label": {
        "ar": "عنوان القائمة الثانية",
        "en": "Menu 2 Title"
      }
    },
    "footer_menu_2": {
      "type": "menu",
      "label": {
        "ar": "القائمة الثانية",
        "en": "Menu 2"
      }
    },
    "footer_social_x": {
      "type": "url",
      "label": {
        "ar": "رابط X (تويتر)",
        "en": "X (Twitter) URL"
      }
    },
    "footer_social_instagram": {
      "type": "url",
      "label": {
        "ar": "رابط انستقرام",
        "en": "Instagram URL"
      }
    },
    "footer_social_tiktok": {
      "type": "url",
      "label": {
        "ar": "رابط تيك توك",
        "en": "TikTok URL"
      }
    },
    "footer_social_snapchat": {
      "type": "url",
      "label": {
        "ar": "رابط سناب شات",
        "en": "Snapchat URL"
      }
    }
  }
}
