[
  {
    "label": {
      "ar": "الألوان",
      "en": "Colors"
    },
    "settings": {
      "primaryColor": {
        "type": "color",
        "label": "اللون الأساسي",
        "default": "#8FA7B0"
      },
      "primaryColorLight": {
        "type": "color",
        "label": "اللون الأساسي الفاتح",
        "default": "#E8EFF2"
      },
      "primaryColorDark": {
        "type": "color",
        "label": "اللون الأساسي الغامق",
        "default": "#7A929B"
      },
      "secondaryColor": {
        "type": "color",
        "label": "اللون الثانوي",
        "default": "#C9A96E"
      },
      "secondaryColorLight": {
        "type": "color",
        "label": "اللون الثانوي الفاتح",
        "default": "#E8DCC8"
      },
      "backgroundColor": {
        "type": "color",
        "label": "لون الخلفية",
        "default": "#FAFAF8"
      },
      "surfaceColor": {
        "type": "color",
        "label": "لون السطح",
        "default": "#FFFFFF"
      },
      "textColor": {
        "type": "color",
        "label": "لون النص الرئيسي",
        "default": "#2C2C2C"
      },
      "textSecondaryColor": {
        "type": "color",
        "label": "لون النص الثانوي",
        "default": "#6B6B6B"
      },
      "borderColor": {
        "type": "color",
        "label": "لون الحدود",
        "default": "#E5E2DC"
      }
    }
  },
  {
    "label": {
      "ar": "الخطوط",
      "en": "Fonts"
    },
    "settings": {
      "fontArabic": {
        "type": "select",
        "label": "الخط العربي",
        "default": "IBM Plex Sans Arabic",
        "options": [
          { "value": "IBM Plex Sans Arabic", "label": "IBM Plex Arabic" },
          { "value": "Tajawal", "label": "Tajawal" },
          { "value": "Cairo", "label": "Cairo" },
          { "value": "Almarai", "label": "Almarai" }
        ]
      },
      "fontEnglish": {
        "type": "select",
        "label": "الخط الإنجليزي",
        "default": "DM Sans",
        "options": [
          { "value": "DM Sans", "label": "DM Sans" },
          { "value": "Poppins", "label": "Poppins" },
          { "value": "Inter", "label": "Inter" },
          { "value": "Montserrat", "label": "Montserrat" }
        ]
      }
    }
  }
]
